,Unnamed: 0,userid,location
0,0,U34944834ac177bbd1252e63189e6897c,"(23.706341, 120.56542)"
